{
  "project_info": {
    "project_number": "210487780396",
    "project_id": "waste-d51b1",
    "storage_bucket": "waste-d51b1.appspot.com"
  },
  "client": [
    {
      "client_info": {
        "mobilesdk_app_id": "1:210487780396:android:bcfe62a7e9632cb0e15d89",
        "android_client_info": {
          "package_name": "com.choudhary.waste"
        }
      },
      "oauth_client": [
        {
          "client_id": "210487780396-e45qpkutpv766737pijcc46ea6sk9k05.apps.googleusercontent.com",
          "client_type": 3
        }
      ],
      "api_key": [
        {
          "current_key": "AIzaSyDLJ-7i6QSa96Byp61rq1dCDzXIGU2HzsU"
        }
      ],
      "services": {
        "appinvite_service": {
          "other_platform_oauth_client": [
            {
              "client_id": "210487780396-e45qpkutpv766737pijcc46ea6sk9k05.apps.googleusercontent.com",
              "client_type": 3
            }
          ]
        }
      }
    }
  ],
  "configuration_version": "1"
}